#ACIN1	NUTM1
-14:23058564-23095614	+15:34343315-34357737	Mitelman
#ACTB	GLI1
-7:5527147-5563784	+12:57460135-57472262	Mitelman
#ADK	KCNMA1
+10:74151185-74709303	-10:76869601-77638369	Mitelman
#AGAP3	BRAF
+7:151085831-151144436	-7:140719327-140924928	Mitelman
#AGGF1	RAF1
+5:77029251-77065234	-3:12583601-12664226	Mitelman
#AGK	BRAF
+7:141551189-141655244	-7:140719327-140924928	Mitelman
#AHRR	NCOA2
+5:304176-438291	-8:70109762-70403805	Mitelman
#AKAP9	BRAF
+7:91940867-92110673	-7:140719327-140924928	Mitelman
#AKT2	YIF1B
-19:40230317-40285536	-19:38305104-38317273	Mitelman
#ANLN	POU6F2
+7:36389806-36453791	+7:38977998-39493095	Mitelman
#AP2A1	VRK3
+19:49766968-49807113	-19:49976467-50025946	Mitelman
#ARFGEF2	SULF2
+20:48921890-49036693	-20:47656348-47786616	Mitelman
#ARHGAP19	CYB5A
-10:97222173-97292673	-18:74250847-74292016	Mitelman
#ARHGEF18	INSR
+19:7395113-7472477	-19:7112255-7294034	Mitelman
#ARID1A	MAST2
+1:26693236-26782110	+1:45786987-46036124	Mitelman
#ARMC10	BRAF
+7:103074881-103099764	-7:140719327-140924928	Mitelman
#ARRB1	UVRAG
-11:75264182-75351705	+11:75815167-76143195	Mitelman
#ASPSCR1	TFE3
+17:81976807-82017406	-X:49028726-49043486	Mitelman
#ATAD2	WDYHV1
-8:123319850-123416350	+8:123416725-123467230	Mitelman
#ATF7IP	PDGFRB
+12:14365632-14502935	-5:150113837-150155872	Mitelman
#ATIC	ALK
+2:215311817-215349773	-2:29192774-29921566	Mitelman
#ATP1B1	NRG1
+1:169105697-169132722	+8:31639386-32767959	Mitelman
#BAG4	FGFR1
+8:38176533-38213301	-8:38411138-38468834	Mitelman
#BCAS3	RNFT1
+17:60677453-61392838	-17:59952240-59964761	Mitelman
#BCL11B	TLX3
-14:99169287-99271524	+5:171309284-171312134	Mitelman
#BCOR	CCNB3
-X:40049815-40177329	+X:50202713-50351910	Mitelman
#BCOR	MAML3
-X:40049815-40177329	-4:139716753-140154184	Mitelman
#BCOR	RARA
-X:40049815-40177329	+17:40309192-40357643	Mitelman
#BCR	ABL1
+22:23179704-23318037	+9:130713946-130887675	Mitelman
#BCR	FGFR1
+22:23179704-23318037	-8:38411138-38468834	Mitelman
#BCR	JAK2
+22:23179704-23318037	+9:4984390-5128183	Mitelman
#BCR	PDGFRA
+22:23179704-23318037	+4:54229097-54298247	Mitelman
#BIRC3	MALT1
+11:102317450-102339403	+18:58671386-58754477	Mitelman
#BRAF	MACF1
-7:140719327-140924928	+1:39081316-39487177	Mitelman
#BRD3	NUTM1
-9:134030305-134068535	+15:34343315-34357737	Mitelman
#BRD4	NUTM1
-19:15235519-15332545	+15:34343315-34357737	Mitelman
#CALD1	CGN
+7:134744252-134970728	+1:151510510-151538692	Mitelman
#CAMK2D	ANK2
-4:113451032-113761927	+4:112818109-113383740	Mitelman
#CANT1	ETV4
-17:78991717-79009867	-17:43527844-43579620	Mitelman
#CARS	ALK
-11:3000922-3057613	-2:29192774-29921566	Mitelman
#CBFA2T3	GLIS2
-16:88874858-88977204	+16:4314761-4339597	Mitelman
#CBFB	MYH11
+16:67029116-67101058	-16:15703172-15857033	Mitelman
#CCDC127	SDHA
-5:196871-218215	+5:218241-256700	Mitelman
#CCDC6	PDGFRB
-10:59788763-59906656	-5:150113837-150155872	Mitelman
#CCDC6	RET
-10:59788763-59906656	+10:43077027-43130351	Mitelman
#CCDC88C	PDGFRB
-14:91271323-91417844	-5:150113837-150155872	Mitelman
#CCND1	TACSTD2
+11:69641087-69654474	-1:58575423-58577773	Mitelman
#CCT2	CPM
+12:69585334-69601570	-12:68842197-68971570	Mitelman
#CD44	SLC1A2
+11:35138870-35232402	-11:35251205-35420063	Mitelman
#CD74	NRG1
-5:150401637-150412929	+8:31639386-32767959	Mitelman
#CD74	ROS1
-5:150401637-150412929	-6:117288300-117425855	Mitelman
#CDC27	BRAF
-17:47117703-47189422	-7:140719327-140924928	Mitelman
#CDH11	USP6
-16:64943753-65126112	+17:5116438-5175034	Mitelman
#CDK12	FBXL20
+17:39461511-39564907	-17:39252644-39402523	Mitelman
#CDK12	IKZF3
+17:39461511-39564907	-17:39757715-39864188	Mitelman
#CDK8	GTF2F2
+13:26254104-26405238	+13:45120515-45284909	Mitelman
#CDKN2A	FOCAD
-9:21967753-21995301	+9:20658309-20995955	Mitelman
#CDR2L	HID1
+17:74987632-75005800	-17:74950743-74973166	Mitelman
#CEP85L	ROS1
-6:118460772-118710075	-6:117288300-117425855	Mitelman
#CHD1	MTOR
-5:98853985-98928957	-1:11106535-11262507	Mitelman
#CHD6	TSHZ2
-20:41402101-41618494	+20:52972407-53495330	Mitelman
#CHD7	TOX
+8:60678778-60868028	-8:58805418-59119208	Mitelman
#CHD8	TOX4
-14:21385194-21456126	+14:21476597-21499175	Mitelman
#CHIC2	ETV6
-4:54009789-54064690	+12:11649854-11895402	Mitelman
#CHST11	ATP1B4
+12:104455295-104762014	+X:120362085-120383249	Mitelman
#CIC	DUX4
+19:42268537-42295797	+3:75668931-75670185	Mitelman
+19:42268537-42295797	-4:190021407-190022665	Mitelman
+19:42268537-42295797	+4:190065233-190065914	Mitelman
+19:42268537-42295797	+4:190067935-190069209	Mitelman
+19:42268537-42295797	+4:190071232-190072506	Mitelman
+19:42268537-42295797	+4:190074525-190075799	Mitelman
+19:42268537-42295797	+4:190077818-190079092	Mitelman
+19:42268537-42295797	+4:190081118-190082386	Mitelman
+19:42268537-42295797	+4:190084412-190085686	Mitelman
+19:42268537-42295797	+4:190087705-190088979	Mitelman
+19:42268537-42295797	+4:190091005-190092279	Mitelman
+19:42268537-42295797	+4:190173774-190185942	Mitelman
+19:42268537-42295797	-9:63817748-63818462	Mitelman
+19:42268537-42295797	+10:133664429-133665106	Mitelman
+19:42268537-42295797	+10:133667151-133668419	Mitelman
+19:42268537-42295797	+10:133670450-133671718	Mitelman
+19:42268537-42295797	+10:133673749-133675017	Mitelman
+19:42268537-42295797	+10:133677059-133678327	Mitelman
+19:42268537-42295797	+10:133680369-133681637	Mitelman
+19:42268537-42295797	+10:133683668-133684936	Mitelman
+19:42268537-42295797	+10:133740606-133741284	Mitelman
+19:42268537-42295797	+10:133743332-133744598	Mitelman
+19:42268537-42295797	+10:133746641-133747907	Mitelman
+19:42268537-42295797	+10:133749950-133751216	Mitelman
+19:42268537-42295797	+10:133753250-133754516	Mitelman
+19:42268537-42295797	+10:133756559-133757825	Mitelman
+19:42268537-42295797	+10:133759859-133761125	Mitelman
+19:42268537-42295797	-12:34208415-34209675	Mitelman
+19:42268537-42295797	-16:34135736-34136792	Mitelman
+19:42268537-42295797	-16:34141256-34142006	Mitelman
+19:42268537-42295797	+16:34142456-34142849	Mitelman
+19:42268537-42295797	+20:29318824-29319579	Mitelman
+19:42268537-42295797	+20:29324092-29325049	Mitelman
+19:42268537-42295797	-20:29410348-29411600	Mitelman
+19:42268537-42295797	-20:29448517-29449306	Mitelman
+19:42268537-42295797	-20:29878636-29879363	Mitelman
+19:42268537-42295797	+Y:11306918-11308181	Mitelman
+19:42268537-42295797	+Y:11314921-11316187	Mitelman
+19:42268537-42295797	+Y:11321557-11322823	Mitelman
+19:42268537-42295797	+Y:11332329-11333595	Mitelman
#CIC	FOXO4
+19:42268537-42295797	+X:71096197-71103535	Mitelman
#CIC	NUTM1
+19:42268537-42295797	+15:34343315-34357737	Mitelman
#CIITA	BCL6
+16:10866222-10943021	-3:187721377-187745727	Mitelman
#CLDN18	ARHGAP26
+3:137998735-138033655	+5:142770377-143229011	Mitelman
#CLDN18	ARHGAP6
+3:137998735-138033655	-X:11137543-11665701	Mitelman
#CLEC16A	LITAF
+16:10944488-11182189	-16:11547722-11636381	Mitelman
#CLTC	ALK
+17:59619689-59696956	-2:29192774-29921566	Mitelman
#CLTC	ROS1
+17:59619689-59696956	-6:117288300-117425855	Mitelman
#CNTRL	FGFR1
+9:121074863-121177610	-8:38411138-38468834	Mitelman
#COBL	SEPT14
-7:51016212-51316818	-7:55793544-55862789	Mitelman
#COL1A1	PDGFB
-17:50183289-50201632	-22:39223359-39244751	Mitelman
#COL1A1	USP6
-17:50183289-50201632	+17:5116438-5175034	Mitelman
#COL6A3	CSF1
-2:237324003-237414375	+1:109910242-109930992	Mitelman
#CPM	GOLT1B
-12:68842197-68971570	+12:21501781-21518408	Mitelman
#CPT1A	ANPEP
-11:68754620-68844410	-15:89784889-89815401	Mitelman
#CRTC1	MAML2
+19:18683677-18782333	-11:95976598-96343180	Mitelman
#CRTC3	MAML2
+15:90529925-90645345	-11:95976598-96343180	Mitelman
#CTNNB1	PLAG1
+3:41194741-41260096	-8:56160904-56211324	Mitelman
#CTTN	PPP6R3
+11:70398404-70436584	+11:68460731-68615334	Mitelman
#CUX1	BRAF
+7:101815904-102283958	-7:140719327-140924928	Mitelman
#CYTH1	PRPSAP1
-17:78674048-78782297	-17:76309486-76384521	Mitelman
#DCTN1	ALK
-2:74361154-74392087	-2:29192774-29921566	Mitelman
#DDX6	FOXR1
-11:118747766-118791149	+11:118971707-118981291	Mitelman
#DEK	NUP214
-6:18223868-18264823	+9:131125561-131234670	Mitelman
#DLG1	PAK2
-3:197042560-197299300	+3:196739857-196832647	Mitelman
#DNAJB1	PRKACA
-19:14514770-14529770	-19:14091688-14118084	Mitelman
#DPM1	GRID1
-20:50934867-50958555	-10:85599555-86366493	Mitelman
#DVL2	TFE3
-17:7225341-7234545	-X:49028726-49043486	Mitelman
#DZANK1	DTD1
-20:18383367-18467281	+20:18587893-18766644	Mitelman
#EBF1	PDGFRB
-5:158695916-159099761	-5:150113837-150155872	Mitelman
#EGFR	SEPT14
+7:55019021-55211628	-7:55793544-55862789	Mitelman
#EIF3E	RSPO2
-8:108201216-108435333	-8:107899316-108083648	Mitelman
#EIF4A2	BCL6
+3:186783205-186789900	-3:187721377-187745727	Mitelman
#EML4	ALK
+2:42169350-42332548	-2:29192774-29921566	Mitelman
#EML4	NTRK3
+2:42169350-42332548	-15:87859751-88256768	Mitelman
#EP300	ZNF384
+22:41091786-41180079	-12:6666477-6689572	Mitelman
#EPC1	PHF1
-10:32267751-32378798	+6:33410399-33416453	Mitelman
#ERBB2	CTTN
+17:39687914-39730426	+11:70398404-70436584	Mitelman
#ERBB2	IKZF3
+17:39687914-39730426	-17:39757715-39864188	Mitelman
#ERC1	RET
+12:990509-1495933	+10:43077027-43130351	Mitelman
#ERGIC1	RANBP17
+5:172834275-172952685	+5:170861870-171300015	Mitelman
#ETV6	ABL1
+12:11649854-11895402	+9:130713946-130887675	Mitelman
#ETV6	ABL2
+12:11649854-11895402	-1:179099327-179229684	Mitelman
#ETV6	ACSL6
+12:11649854-11895402	-5:131949973-132012243	Mitelman
#ETV6	ARNT
+12:11649854-11895402	-1:150809705-150876768	Mitelman
#ETV6	JAK2
+12:11649854-11895402	+9:4984390-5128183	Mitelman
#ETV6	LYN
+12:11649854-11895402	+8:55879813-56014168	Mitelman
#ETV6	MECOM
+12:11649854-11895402	-3:169083499-169663618	Mitelman
#ETV6	NCOA2
+12:11649854-11895402	-8:70109762-70403805	Mitelman
#ETV6	NTRK3
+12:11649854-11895402	-15:87859751-88256768	Mitelman
#ETV6	PDGFRB
+12:11649854-11895402	-5:150113837-150155872	Mitelman
#ETV6	RUNX1
+12:11649854-11895402	-21:34787801-36004667	Mitelman
#ETV6	SYK
+12:11649854-11895402	+9:90801787-90898549	Mitelman
#EWSR1	ATF1
+22:29268009-29300525	+12:50763710-50821122	Mitelman
#EWSR1	CREB1
+22:29268009-29300525	+2:207529737-207603431	Mitelman
#EWSR1	CREB3L1
+22:29268009-29300525	+11:46277661-46321422	Mitelman
#EWSR1	CREB3L2
+22:29268009-29300525	-7:137874979-138002067	Mitelman
#EWSR1	CREM
+22:29268009-29300525	+10:35126791-35212958	Mitelman
#EWSR1	DDIT3
+22:29268009-29300525	-12:57516588-57521737	Mitelman
#EWSR1	ERG
+22:29268009-29300525	-21:38380027-38661780	Mitelman
#EWSR1	ETV1
+22:29268009-29300525	-7:13891228-13991425	Mitelman
#EWSR1	ETV4
+22:29268009-29300525	-17:43527844-43579620	Mitelman
#EWSR1	FEV
+22:29268009-29300525	-2:218981087-218985657	Mitelman
#EWSR1	FLI1
+22:29268009-29300525	+11:128686535-128813267	Mitelman
#EWSR1	NFATC2
+22:29268009-29300525	-20:51386957-51562831	Mitelman
#EWSR1	NR4A3
+22:29268009-29300525	+9:99821855-99866891	Mitelman
#EWSR1	PATZ1
+22:29268009-29300525	-22:31325804-31346232	Mitelman
#EWSR1	PBX1
+22:29268009-29300525	+1:164555584-164899296	Mitelman
#EWSR1	PBX3
+22:29268009-29300525	+9:125747345-125967377	Mitelman
#EWSR1	POU5F1
+22:29268009-29300525	-6:31164337-31180731	Mitelman
#EWSR1	WT1
+22:29268009-29300525	-11:32387775-32435630	Mitelman
#EWSR1	ZNF384
+22:29268009-29300525	-12:6666477-6689572	Mitelman
#EWSR1	ZNF444
+22:29268009-29300525	+19:56132599-56160893	Mitelman
#EYA3	GUCA1C
-1:27970344-28088696	-3:108907792-108953895	Mitelman
#EZR	ROS1
-6:158765741-158819412	-6:117288300-117425855	Mitelman
#FAM114A2	BRAF
-5:153990128-154038936	-7:140719327-140924928	Mitelman
#FAM131B	BRAF
-7:143353400-143362770	-7:140719327-140924928	Mitelman
#FAM13C	S100P
-10:59246129-59363181	+4:6693069-6697170	Mitelman
#FAXC	ASCC3
-6:99271169-99350062	-6:100508194-100881372	Mitelman
#FBXL20	CDK12
-17:39252644-39402523	+17:39461511-39564907	Mitelman
#FBXL20	GRB7
-17:39252644-39402523	+17:39737927-39747291	Mitelman
#FGFR1	BCR
-8:38411138-38468834	+22:23179704-23318037	Mitelman
#FGFR1OP	FGFR1
+6:166999182-167094789	-8:38411138-38468834	Mitelman
#FGFR1	TACC1
-8:38411138-38468834	+8:38728186-38853028	Mitelman
#FGFR2	BICC1
-10:121478334-121598458	+10:58513140-58831437	Mitelman
#FGFR2	CCAR2
-10:121478334-121598458	+8:22604632-22621514	Mitelman
#FGFR2	CCDC6
-10:121478334-121598458	-10:59788763-59906656	Mitelman
#FGFR2	OFD1
-10:121478334-121598458	+X:13734745-13769353	Mitelman
#FGFR2	SHTN1
-10:121478334-121598458	-10:116881482-117126586	Mitelman
#FGFR2	TACC2
-10:121478334-121598458	+10:121989174-122254545	Mitelman
#FGFR3	TACC3
+4:1793293-1808872	+4:1721490-1745176	Mitelman
#FIP1L1	PDGFRA
+4:53377643-53460861	+4:54229097-54298247	Mitelman
#FIP1L1	RARA
+4:53377643-53460861	+17:40309192-40357643	Mitelman
#FKBP15	RET
-9:113161006-113221361	+10:43077027-43130351	Mitelman
#FN1	ALK
-2:215360440-215436172	-2:29192774-29921566	Mitelman
#FN1	FGFR1
-2:215360440-215436172	-8:38411138-38468834	Mitelman
#FUS	ATF1
+16:31180110-31194871	+12:50763710-50821122	Mitelman
#FUS	CREB3L1
+16:31180110-31194871	+11:46277661-46321422	Mitelman
#FUS	CREB3L2
+16:31180110-31194871	-7:137874979-138002067	Mitelman
#FUS	DDIT3
+16:31180110-31194871	-12:57516588-57521737	Mitelman
#FUS	ERG
+16:31180110-31194871	-21:38380027-38661780	Mitelman
#FUS	FEV
+16:31180110-31194871	-2:218981087-218985657	Mitelman
#FUS	NFATC2
+16:31180110-31194871	-20:51386957-51562831	Mitelman
#GAS6	TMEM255B
-13:113820549-113864067	+13:113759240-113816995	Mitelman
#GATA2	EVI1
-3:128479427-128493185	-3:169083499-169663618	Mitelman
#GCC2	ALK
+2:108448561-108509415	-2:29192774-29921566	Mitelman
#GGA2	PRKCB
-16:23463542-23521995	+16:23835946-24220611	Mitelman
#GIGYF2	NGEF
+2:232697299-232860575	-2:232878686-233013272	Mitelman
#GOLGA5	RET
+14:92794231-92839963	+10:43077027-43130351	Mitelman
#GOPC	ROS1
-6:117560269-117602542	-6:117288300-117425855	Mitelman
#GOSR1	ZNF207
+17:30477362-30527592	+17:32350117-32381886	Mitelman
#GSK3B	LSAMP
-3:119821323-120094417	-3:115802363-117139389	Mitelman
#GTF2IRD1	ALK
+7:74453790-74602604	-2:29192774-29921566	Mitelman
#HAS2	PLAG1
-8:121612116-121641390	-8:56160904-56211324	Mitelman
#HEY1	NCOA2
-8:79764010-79767863	-8:70109762-70403805	Mitelman
#HIP1	ALK
-7:75533300-75738962	-2:29192774-29921566	Mitelman
#HIST1H4I	BCL6
+6:27138588-27139881	-3:187721377-187745727	Mitelman
#HMGA2	ACKR3
+12:65824131-65966295	+2:236567787-236582358	Mitelman
#HMGA2	COX6C
+12:65824131-65966295	-8:99873200-99894062	Mitelman
#HMGA2	LPP
+12:65824131-65966295	+3:188153284-188890671	Mitelman
#HMGA2	NFIB
+12:65824131-65966295	-9:14081843-14398983	Mitelman
#HMGA2	RAD51B
+12:65824131-65966295	+14:67819779-68730218	Mitelman
#HMGA2	WIF1
+12:65824131-65966295	-12:65050626-65121566	Mitelman
#HMGN2P46	ETV1
-15:67000814-67001085	-7:13891228-13991425	Mitelman
#HMGN2P46	MYC
-15:67000814-67001085	+8:127735434-127741434	Mitelman
#HNRNPA2B1	ETV1
-7:26189927-26201529	-7:13891228-13991425	Mitelman
#HOOK3	TM2D2
+8:42896932-43030539	-8:38988808-38996824	Mitelman
#HSP90AA1	BCL6
-14:102080738-102139699	-3:187721377-187745727	Mitelman
#IGH	BCL10
14:105583731-106879812	1:85216248-85327090	Mitelman
1:85216248-85327090	14:105583731-106879812	Mitelman
#IGH	BCL11A
14:105583731-106879812	2:60400520-60605154	Mitelman
2:60400520-60605154	14:105583731-106879812	Mitelman
#IGH	BCL2
14:105583731-106879812	18:63073346-63370128	Mitelman
18:63073346-63370128	14:105583731-106879812	Mitelman
#IGH	BCL3
14:105583731-106879812	19:44697705-44810044	Mitelman
19:44697705-44810044	14:105583731-106879812	Mitelman
#IGH	BCL6
14:105583731-106879812	3:187671377-187795727	Mitelman
3:187671377-187795727	14:105583731-106879812	Mitelman
#IGH	CBFA2T3
14:105583731-106879812	16:88824858-89027204	Mitelman
16:88824858-89027204	14:105583731-106879812	Mitelman
#IGH	CCND1
14:105583731-106879812	11:69591087-69704474	Mitelman
11:69591087-69704474	14:105583731-106879812	Mitelman
#IGH	CCND3
14:105583731-106879812	6:41884933-42100357	Mitelman
6:41884933-42100357	14:105583731-106879812	Mitelman
#IGH	CD44
14:105583731-106879812	11:35088870-35282402	Mitelman
11:35088870-35282402	14:105583731-106879812	Mitelman
#IGH	CEBPD
14:105583731-106879812	8:47686909-47789086	Mitelman
8:47686909-47789086	14:105583731-106879812	Mitelman
#IGH	CEBPE
14:105583731-106879812	14:23067304-23169616	Mitelman
14:23067304-23169616	14:105583731-106879812	Mitelman
#IGH	CRLF2
14:105583731-106879812	Y:1137549-1262750	Mitelman
Y:1137549-1262750	14:105583731-106879812	Mitelman
#IGH	EPOR
14:105583731-106879812	19:11327205-11434342	Mitelman
19:11327205-11434342	14:105583731-106879812	Mitelman
#IGH	FGFR3
14:105583731-106879812	4:1743293-1858872	Mitelman
4:1743293-1858872	14:105583731-106879812	Mitelman
#IGH	FOXP1
14:105583731-106879812	3:70902817-71633993	Mitelman
3:70902817-71633993	14:105583731-106879812	Mitelman
#IGH	GPR34
14:105583731-106879812	X:41638973-41747277	Mitelman
X:41638973-41747277	14:105583731-106879812	Mitelman
#IGH	ID4
14:105583731-106879812	6:19787386-19890684	Mitelman
6:19787386-19890684	14:105583731-106879812	Mitelman
#IGH	IRF4
14:105583731-106879812	6:341739-461447	Mitelman
6:341739-461447	14:105583731-106879812	Mitelman
#IGH	MAF
14:105583731-106879812	16:79535843-79650714	Mitelman
16:79535843-79650714	14:105583731-106879812	Mitelman
#IGH	MAFB
14:105583731-106879812	20:40635848-40739240	Mitelman
20:40635848-40739240	14:105583731-106879812	Mitelman
#IGH	MALT1
14:105583731-106879812	18:58621386-58804477	Mitelman
18:58621386-58804477	14:105583731-106879812	Mitelman
#IGH	MYC
14:105583731-106879812	8:127685434-127791434	Mitelman
8:127685434-127791434	14:105583731-106879812	Mitelman
#IGH	PAX5
14:105583731-106879812	9:36783275-37084185	Mitelman
9:36783275-37084185	14:105583731-106879812	Mitelman
#IGH	RHOH
14:105583731-106879812	4:40141053-40296967	Mitelman
4:40141053-40296967	14:105583731-106879812	Mitelman
#IGH	WHSC1
14:105583731-106879812	4:1871393-1982207	Mitelman
14:105583731-106879812	4:1871393-1982207	Mitelman
#IGK	BCL2
2:88857161-90315836	18:63073346-63370128	Mitelman
18:63073346-63370128	2:88857161-90315836	Mitelman
#IGK	CDK6
2:88857161-90315836	7:92554921-92886594	Mitelman
7:92554921-92886594	2:88857161-90315836	Mitelman
#IGK	MYC
2:88857161-90315836	8:127685434-127791434	Mitelman
8:127685434-127791434	2:88857161-90315836	Mitelman
#IGK	PVT1
2:88857161-90315836	8:127744533-128151253	Mitelman
8:127744533-128151253	2:88857161-90315836	Mitelman
#IGL	BCL2
22:22026076-23580239	18:63073346-63370128	Mitelman
18:63073346-63370128	22:22026076-23580239	Mitelman
#IGL	BCL6
22:22026076-23580239	3:187671377-187795727	Mitelman
3:187671377-187795727	22:22026076-23580239	Mitelman
#IGL	CCND1
22:22026076-23580239	11:69591087-69704474	Mitelman
11:69591087-69704474	22:22026076-23580239	Mitelman
#IGL	MYC
22:22026076-23580239	8:127685434-127791434	Mitelman
8:127685434-127791434	22:22026076-23580239	Mitelman
#IGSF3	MAN1A2
-1:116574399-116667755	+1:117367449-117528872	Mitelman
#IKZF1	BCL6
+7:50304068-50405101	-3:187721377-187745727	Mitelman
#IKZF3	PNMT
-17:39757715-39864188	+17:39667981-39670475	Mitelman
#ITCH	PIGU
+20:34363235-34511393	-20:34560542-34698790	Mitelman
#ITK	SYK
+5:157142933-157255191	+9:90801787-90898549	Mitelman
#JAZF1	PHF1
-7:27830573-28180743	+6:33410399-33416453	Mitelman
#JAZF1	SUZ12
-7:27830573-28180743	+17:31937018-32001045	Mitelman
#KAT6A	CREBBP
-8:41929479-42051990	-16:3725054-3880726	Mitelman
#KAT6A	EP300
-8:41929479-42051990	+22:41091786-41180079	Mitelman
#KAT6A	NCOA2
-8:41929479-42051990	-8:70109762-70403805	Mitelman
#KAT6B	CREBBP
+10:74825582-75032622	-16:3725054-3880726	Mitelman
#KIAA1549	BRAF
-7:138831381-138981318	-7:140719327-140924928	Mitelman
7:138861139	7:140781693	Mitelman
7:138861139	7:140787584	Mitelman
7:138867975	7:140787584	Mitelman
#KIF16B	RRBP1
-20:16272104-16573434	-20:17613678-17682295	Mitelman
#KIF5B	ALK
-10:32009010-32056431	-2:29192774-29921566	Mitelman
#KIF5B	RET
-10:32009010-32056431	+10:43077027-43130351	Mitelman
#KLC1	ALK
+14:103561896-103714249	-2:29192774-29921566	Mitelman
#KLHL7	BRAF
+7:23105758-23177914	-7:140719327-140924928	Mitelman
#KLK2	ETV1
+19:50861568-50880567	-7:13891228-13991425	Mitelman
#KMT2A	ABI1
+11:118436490-118526832	-10:26746593-26861087	Mitelman
#KMT2A	ABI2
+11:118436490-118526832	+2:203328219-203447723	Mitelman
#KMT2A	ACACA
+11:118436490-118526832	-17:37084988-37406818	Mitelman
#KMT2A	ACTN4
+11:118436490-118526832	+19:38647649-38731583	Mitelman
#KMT2A	AFF1
+11:118436490-118526832	+4:86935002-87141054	Mitelman
#KMT2A	AFF3
+11:118436490-118526832	-2:99545419-100142739	Mitelman
#KMT2A	AFF4
+11:118436490-118526832	-5:132875379-132963634	Mitelman
#KMT2A	ARHGAP26
+11:118436490-118526832	+5:142770377-143229011	Mitelman
#KMT2A	ARHGEF12
+11:118436490-118526832	+11:120336914-120489936	Mitelman
#KMT2A	BTBD18
+11:118436490-118526832	-11:57743514-57751781	Mitelman
#KMT2A	CASC5
+11:118436490-118526832	+15:40594020-40664342	Mitelman
#KMT2A	CASP8AP2
+11:118436490-118526832	+6:89829894-89874436	Mitelman
#KMT2A	CBL
+11:118436490-118526832	+11:119206276-119313926	Mitelman
#KMT2A	CEP170B
+11:118436490-118526832	+14:104865280-104896770	Mitelman
#KMT2A	CREBBP
+11:118436490-118526832	-16:3725054-3880726	Mitelman
#KMT2A	CT45A2
+11:118436490-118526832	-X:135811668-135820012	Mitelman
#KMT2A	EEFSEC
+11:118436490-118526832	+3:128153454-128408646	Mitelman
#KMT2A	ELL
+11:118436490-118526832	-19:18442663-18522127	Mitelman
#KMT2A	EP300
+11:118436490-118526832	+22:41091786-41180079	Mitelman
#KMT2A	EPS15
+11:118436490-118526832	-1:51354263-51519328	Mitelman
#KMT2A	FLNA
+11:118436490-118526832	-X:154348524-154374638	Mitelman
#KMT2A	FNBP1
+11:118436490-118526832	-9:129887187-130043194	Mitelman
#KMT2A	FOXO3
+11:118436490-118526832	+6:108559835-108684774	Mitelman
#KMT2A	FOXO4
+11:118436490-118526832	+X:71096197-71103535	Mitelman
#KMT2A	FRYL
+11:118436490-118526832	-4:48497361-48780322	Mitelman
#KMT2A	GAS7
+11:118436490-118526832	-17:9910609-10198551	Mitelman
#KMT2A	GMPS
+11:118436490-118526832	+3:155870536-155944026	Mitelman
#KMT2A	GPHN
+11:118436490-118526832	+14:66507407-67181803	Mitelman
#KMT2A	KIAA1524
+11:118436490-118526832	-3:108549869-108589644	Mitelman
#KMT2A	LASP1
+11:118436490-118526832	+17:38869859-38921770	Mitelman
#KMT2A	MAML2
+11:118436490-118526832	-11:95976598-96343180	Mitelman
#KMT2A	MLLT1
+11:118436490-118526832	-19:6210379-6279948	Mitelman
#KMT2A	MLLT10
+11:118436490-118526832	+10:21524675-21743630	Mitelman
#KMT2A	MLLT11
+11:118436490-118526832	+1:151057758-151068497	Mitelman
#KMT2A	MLLT3
+11:118436490-118526832	-9:20341665-20622543	Mitelman
#KMT2A	MLLT4
+11:118436490-118526832	+6:167826922-167972023	Mitelman
#KMT2A	MLLT6
+11:118436490-118526832	+17:38705542-38729803	Mitelman
#KMT2A	MYO1F
+11:118436490-118526832	-19:8520790-8577577	Mitelman
#KMT2A	NEBL
+11:118436490-118526832	-10:20779973-21174187	Mitelman
#KMT2A	NRIP3
+11:118436490-118526832	-11:8980576-9004049	Mitelman
#KMT2A	PDS5A
+11:118436490-118526832	-4:39822863-39977956	Mitelman
#KMT2A	PICALM
+11:118436490-118526832	-11:85957684-86069882	Mitelman
#KMT2A	SEPT11
+11:118436490-118526832	+4:76949703-77040384	Mitelman
#KMT2A	SEPT2
+11:118436490-118526832	+2:241315100-241354027	Mitelman
#KMT2A	SEPT5
+11:118436490-118526832	+22:19714464-19724224	Mitelman
#KMT2A	SEPT6
+11:118436490-118526832	-X:119615724-119693370	Mitelman
#KMT2A	SEPT9
+11:118436490-118526832	+17:77280569-77500596	Mitelman
#KMT2A	TET1
+11:118436490-118526832	+10:68560656-68694482	Mitelman
#KMT2A	TNRC18
+11:118436490-118526832	-7:5306790-5425414	Mitelman
#KMT2A	TOP3A
+11:118436490-118526832	-17:18271428-18315007	Mitelman
#KSR1	TENM1
+17:27456470-27626438	-X:124375903-124963817	Mitelman
#KTN1	RET
+14:55559072-55701526	+10:43077027-43130351	Mitelman
#LCP1	BCL6
-13:46125920-46211871	-3:187721377-187745727	Mitelman
#LIFR	PLAG1
-5:38474963-38608354	-8:56160904-56211324	Mitelman
#LMNA	NTRK1
+1:156082573-156140089	+1:156815640-156881850	Mitelman
#LRIG3	ROS1
-12:58872149-58920522	-6:117288300-117425855	Mitelman
#MACF1	BRAF
+1:39081316-39487177	-7:140719327-140924928	Mitelman
#MALAT1	TFEB
+11:65497688-65506516	-6:41683978-41736259	Mitelman
#MAP3K5	PERP
-6:136557047-136792518	-6:138088505-138107511	Mitelman
#MARK3	BAG5
+14:103385392-103503831	-14:103556544-103562831	Mitelman
#MEAF6	PHF1
-1:37492575-37514774	+6:33410399-33416453	Mitelman
#MED13	BCAS3
-17:61942605-62065282	+17:60677453-61392838	Mitelman
#MED13	VMP1
-17:61942605-62065282	+17:59707192-59842255	Mitelman
#MEF2D	BCL9
-1:156463727-156500828	+1:147541412-147626216	Mitelman
#MEF2D	HNRNPUL1
-1:156463727-156500828	+19:41262496-41307598	Mitelman
#MICA	NCR3
+6:31399784-31415315	-6:31588895-31592985	Mitelman
#MKL1	SPIDR
-22:40410281-40636702	+8:47260575-47736306	Mitelman
#MKRN1	BRAF
-7:140453040-140479569	-7:140719327-140924928	Mitelman
#MLLT10	PICALM
+10:21524675-21743630	-11:85957684-86069882	Mitelman
#MN1	ETV6
-22:27748277-27801498	+12:11649854-11895402	Mitelman
#MNX1	ETV6
-7:156994051-157010651	+12:11649854-11895402	Mitelman
#MRPL21	FAM168A
-11:68891276-68903835	-11:73400487-73598189	Mitelman
#MSI2	CA10
+17:57255851-57684685	-17:51630313-52160017	Mitelman
#MSN	ALK
+X:65588377-65741931	-2:29192774-29921566	Mitelman
#MTAP	CDKN2B-AS1
+9:21802543-21867078	+9:21994778-22121097	Mitelman
#MTAP	LINGO2
+9:21802543-21937651	-9:27948078-28670286	Mitelman
#MTCL1	LRRC41
+18:8705661-8832778	-1:46261196-46303608	Mitelman
#MTF2	BRDT
+1:93079235-93139081	+1:91949371-92014426	Mitelman
#MYBL1	NFIB
-8:66562175-66614247	-9:14081843-14398983	Mitelman
#MYB	NFIB
+6:135181315-135219173	-9:14081843-14398983	Mitelman
#MYB	PLAGL1
+6:135181315-135219173	-6:143940300-144064599	Mitelman
#MYH11	CBFB
-16:15703172-15857033	+16:67029116-67101058	Mitelman
#MYH9	ALK
-22:36281277-36388067	-2:29192774-29921566	Mitelman
#NAA15	LPAR1
+4:139301455-139420033	-9:110873263-111038458	Mitelman
#NAB2	STAT6
+12:57088894-57095476	-12:57095408-57132139	Mitelman
#NAP1L1	MLLT10
-12:76036587-76085033	+10:21524675-21743630	Mitelman
#NCOA4	RET
-10:46005088-46030714	+10:43077027-43130351	Mitelman
#NDRG1	ERG
-8:133237171-133302022	-21:38380027-38661780	Mitelman
#NF1	PSMD11
+17:31094927-31382116	+17:32444261-32483318	Mitelman
#NFASC	NTRK1
+1:204828651-205022822	+1:156815640-156881850	Mitelman
#NFIA	EHF
+1:60865259-61462793	+11:34621093-34661057	Mitelman
#NFIA	RNLS
+1:60865259-61462793	-10:88273864-88584530	Mitelman
#NFIX	GATAD2A
+19:12995608-13098796	+19:19385826-19508931	Mitelman
#NIPBL	SPEF2
+5:36876759-37066413	+5:35617844-35814611	Mitelman
#NONO	TFE3
+X:71283192-71301168	-X:49028726-49043486	Mitelman
#NOTCH2	SPAG17
-1:119911553-120069626	-1:117953861-118185223	Mitelman
#NPM1	ALK
+5:171387116-171411137	-2:29192774-29921566	Mitelman
#NPM1	MLF1
+5:171387116-171411137	+3:158571163-158607252	Mitelman
#NPM1	RARA
+5:171387116-171411137	+17:40309192-40357643	Mitelman
#NSD1	NUP98
+5:177133025-177300215	-11:3671083-3797792	Mitelman
#NUP214	ABL1
+9:131125561-131234670	+9:130713946-130887675	Mitelman
#NUP98	CCDC28A
-11:3671083-3797792	+6:138773509-138793319	Mitelman
#NUP98	DDX10
-11:3671083-3797792	+11:108665025-108940930	Mitelman
#NUP98	HOXA11
-11:3671083-3797792	-7:27181510-27185223	Mitelman
#NUP98	HOXA13
-11:3671083-3797792	-7:27193503-27200106	Mitelman
#NUP98	HOXA9
-11:3671083-3797792	-7:27162435-27175180	Mitelman
#NUP98	HOXC11
-11:3671083-3797792	+12:53973126-53977643	Mitelman
#NUP98	HOXC13
-11:3671083-3797792	+12:53938765-53946544	Mitelman
#NUP98	HOXD13
-11:3671083-3797792	+2:176092891-176095938	Mitelman
#NUP98	KDM5A
-11:3671083-3797792	-12:280129-389454	Mitelman
#NUP98	NSD1
-11:3671083-3797792	+5:177133025-177300215	Mitelman
#NUP98	PHF23
-11:3671083-3797792	-17:7235028-7239722	Mitelman
#NUP98	PRRX1
-11:3671083-3797792	+1:170662728-170739419	Mitelman
#NUP98	PSIP1
-11:3671083-3797792	-9:15464066-15511019	Mitelman
#NUP98	RAP1GDS1
-11:3671083-3797792	+4:98261384-98443861	Mitelman
#NUP98	TOP1
-11:3671083-3797792	+20:41028818-41124487	Mitelman
#P2RY8	CRLF2
-Y:1462572-1537107	-Y:1187549-1212750	Mitelman
#PAK2	DLG1
+3:196739857-196832647	-3:197042560-197299300	Mitelman
#PAN3	FLT3
+13:28138506-28295335	-13:28003274-28100592	Mitelman
#PAPSS2	ATAD1
+10:87659613-87747705	-10:87751512-87841343	Mitelman
#PAX3	FOXO1
-2:222199888-222298996	-13:40469953-40666597	Mitelman
#PAX3	MAML3
-2:222199888-222298996	-4:139716753-140154184	Mitelman
#PAX3	NCOA1
-2:222199888-222298996	+2:24491914-24770702	Mitelman
#PAX3	NCOA2
-2:222199888-222298996	-8:70109762-70403805	Mitelman
#PAX5	DACH1
-9:36833275-37034185	-13:71437966-71867192	Mitelman
#PAX5	ELN
-9:36833275-37034185	+7:74027789-74069907	Mitelman
#PAX5	ETV6
-9:36833275-37034185	+12:11649854-11895402	Mitelman
#PAX5	FOXP1
-9:36833275-37034185	-3:70952817-71583993	Mitelman
#PAX5	JAK2
-9:36833275-37034185	+9:4984390-5128183	Mitelman
#PAX5	PML
-9:36833275-37034185	+15:73994673-74047812	Mitelman
#PAX5	ZCCHC7
-9:36833275-37034185	+9:37120539-37358149	Mitelman
#PAX5	ZNF521
-9:36833275-37034185	-18:25061926-25352190	Mitelman
#PAX7	FOXO1
+1:18631006-18748866	-13:40469953-40666597	Mitelman
#PAX8	PPARG
-2:113215997-113278950	+3:12287368-12434356	Mitelman
#PCCA	MBNL2
+13:100089015-100530437	+13:97221434-97394120	Mitelman
#PCM1	JAK2
+8:17922840-18029944	+9:4984390-5128183	Mitelman
#PCM1	RET
+8:17922840-18029944	+10:43077027-43130351	Mitelman
#PDGFRA	FIP1L1
+4:54229097-54298247	+4:53377643-53460861	Mitelman
#PHC3	FNDC3B
-3:170086732-170181749	+3:172039628-172401665	Mitelman
#PHF3	EYS
+6:63635820-63779336	-6:63719980-65707225	Mitelman
#PICALM	MLLT10
-11:85957684-86069882	+10:21524675-21743630	Mitelman
#PIK3CB	PCCB
-3:138652699-138834938	+3:136250306-136337896	Mitelman
#PIP4K2B	RAD51C
-17:38765689-38800126	+17:58692573-58735611	Mitelman
#PML	RARA
+15:73994673-74047812	+17:40309192-40357643	Mitelman
#POU2AF1	BCL6
-11:111352252-111455630	-3:187721377-187745727	Mitelman
#PPFIA1	SHANK2
+11:70270700-70385312	-11:70467856-71252577	Mitelman
#PPFIBP1	ALK
+12:27523431-27695564	-2:29192774-29921566	Mitelman
#PRCC	TFE3
+1:156750610-156800817	-X:49028726-49043486	Mitelman
#PRKAR1A	RET
+17:68511780-68551319	+10:43077027-43130351	Mitelman
#PRKDC	SPIDR
-8:47773108-47960183	+8:47260575-47736306	Mitelman
#PRKG2	PDGFRB
-4:81087370-81215117	-5:150113837-150155872	Mitelman
#PTBP3	SVEP1
-9:112217716-112333667	-9:110365251-110579880	Mitelman
#PTGFRN	NOTCH2
+1:116910057-116990358	-1:119911553-120069626	Mitelman
#PTPRK	RSPO3
-6:127968779-128520674	+6:127118604-127197765	Mitelman
#PTPRZ1	MET
+7:121873089-122062036	+7:116672390-116798386	Mitelman
#PUM1	YARS
-1:30931506-31065991	-1:32775237-32818153	Mitelman
#QKI	RAF1
+6:163414000-163578596	-3:12583601-12664226	Mitelman
#R3HDM2	PIP4K2C
-12:57253762-57431005	+12:57591174-57603418	Mitelman
#RAB22A	MYO9B
+20:58309696-58367507	+19:17075781-17214537	Mitelman
#RAB3IP	BEST3
+12:69738681-69823204	-12:69643360-69699476	Mitelman
#RAF1	AGGF1
-3:12583601-12664226	+5:77029251-77065234	Mitelman
#RALY	SLC24A3
+20:33993646-34108308	+20:19212646-19722937	Mitelman
#RANBP2	ABL1
+2:108719481-108785811	+9:130713946-130887675	Mitelman
#RANBP2	ALK
+2:108719481-108785811	-2:29192774-29921566	Mitelman
#RBM10	TFE3
+X:47144869-47186813	-X:49028726-49043486	Mitelman
#RBM15	MKL1
+1:110338506-110346681	-22:40410281-40636702	Mitelman
#RBM28	KMT2C
-7:128297685-128343908	-7:152134922-152436005	Mitelman
#RBPMS	NTRK3
+8:30384479-30572261	-15:87859751-88256768	Mitelman
#RCSD1	ABL2
+1:167630093-167706249	-1:179099327-179229684	Mitelman
#RHOH	BCL6
+4:40191053-40246967	-3:187721377-187745727	Mitelman
#RNF121	PPP6R3
+11:71928701-71997597	+11:68460731-68615334	Mitelman
#ROCK1	ANKRD29
-18:20946906-21111851	-18:23598926-23662885	Mitelman
#RPN1	MECOM
-3:128619970-128681075	-3:169083499-169663618	Mitelman
#RPN1	PRDM16
-3:128619970-128681075	+1:3069168-3438621	Mitelman
#RPS6KB1	SNF8
+17:59893046-59950564	-17:48929316-48945117	Mitelman
#RUNX1	AFF3
-21:34787801-36004667	-2:99545419-100142739	Mitelman
#RUNX1	CBFA2T3
-21:34787801-36004667	-16:88874858-88977204	Mitelman
#RUNX1	MECOM
-21:34787801-36004667	-3:169083499-169663618	Mitelman
#RUNX1	PRDM16
-21:34787801-36004667	+1:3069168-3438621	Mitelman
#RUNX1	RPL22P1
-21:34787801-36004667	-3:169483671-169484080	Mitelman
#RUNX1	RUNX1T1
-21:34787801-36004667	-8:91954967-92103286	Mitelman
#RUNX1	TCF12
-21:34787801-36004667	+15:56918623-57299281	Mitelman
#RUNX1	USP42
-21:34787801-36004667	+7:6104884-6161564	Mitelman
#SDC4	NRG1
-20:45325288-45348424	+8:31639386-32767959	Mitelman
#SDC4	ROS1
-20:45325288-45348424	-6:117288300-117425855	Mitelman
#SEC16A	NOTCH1
-9:136440096-136483759	-9:136494433-136545786	Mitelman
#SEC31A	ALK
-4:82818661-82901166	-2:29192774-29921566	Mitelman
#SEC61G	EGFR
-7:54752250-54759974	+7:55019021-55211628	Mitelman
#SEMA3C	CD36
-7:80742538-80922359	+7:80369575-80679277	Mitelman
#SEPT7P2	PSPH
-7:45723780-45768985	-7:56011051-56051604	Mitelman
#SERPINE1	FOSB
+7:101127089-101139266	+19:45467995-45475179	Mitelman
#SET	NUP214
+9:128683424-128696400	+9:131125561-131234670	Mitelman
#SFPQ	TFE3
-1:35176378-35193148	-X:49028726-49043486	Mitelman
#SLC20A2	ZMAT4
-8:42416475-42541926	-8:40530590-40897833	Mitelman
#SLC25A30	CCDC107
-13:45393316-45418455	+9:35658290-35661511	Mitelman
#SLC34A2	ROS1
+4:25648011-25678748	-6:117288300-117425855	Mitelman
#SLC38A10	OGFOD3
-17:81245000-81295547	-17:82389223-82418637	Mitelman
#SLC45A3	ERG
-1:205657851-205680459	-21:38380027-38661780	Mitelman
#SLC45A3	ETV1
-1:205657851-205680459	-7:13891228-13991425	Mitelman
#SLCO2B1	HNF4A
+11:75100563-75206549	+20:44355700-44434596	Mitelman
#SLFN11	MIEN1
-17:35350305-35373701	-17:39728496-39730787	Mitelman
#SND1	BRAF
+7:127652180-128092609	-7:140719327-140924928	Mitelman
#SNX29	CIITA
+16:11976737-12574289	+16:10866222-10943021	Mitelman
#SPECC1L	RET
+22:24270817-24417740	+10:43077027-43130351	Mitelman
#SQSTM1	ALK
+5:179806398-179838078	-2:29192774-29921566	Mitelman
#SQSTM1	NTRK1
+5:179806398-179838078	+1:156815640-156881850	Mitelman
#SQSTM1	NUP214
+5:179806398-179838078	+9:131125561-131234670	Mitelman
#SRGAP3	RAF1
-3:8980591-9363053	-3:12583601-12664226	Mitelman
#SRSF3	BCL6
+6:36594353-36605600	-3:187721377-187745727	Mitelman
#SS18L1	SSX1
+20:62143795-62182484	+X:48255317-48267444	Mitelman
#SS18	SSX1
-18:26016253-26091217	+X:48255317-48267444	Mitelman
#SS18	SSX2
-18:26016253-26091217	-X:52696896-52707189	Mitelman
#SS18	SSX4
-18:26016253-26091217	+X:48383516-48393347	Mitelman
#SSBP2	CSF1R
-5:81413021-81751797	-5:150053291-150113372	Mitelman
#SSBP2	JAK2
-5:81413021-81751797	+9:4984390-5128183	Mitelman
#SSBP2	NTRK1
-5:81413021-81751797	+1:156815640-156881850	Mitelman
#STARD3	IKZF3
+17:39637065-39663484	-17:39757715-39864188	Mitelman
#STAT5B	RARA
-17:42199168-42276707	+17:40309192-40357643	Mitelman
#STIL	TAL1
-1:47250139-47314147	-1:47216290-47232220	Mitelman
#STK10	SNX2
-5:172042073-172188386	+5:122774996-122830108	Mitelman
#STRN	ALK
-2:36843640-36966472	-2:29192774-29921566	Mitelman
#STX16	RAE1
+20:58651253-58679526	+20:57351010-57379211	Mitelman
#TAF15	NR4A3
+17:35713791-35864615	+9:99821855-99866891	Mitelman
#TAF15	ZNF384
+17:35713791-35864615	-12:6666477-6689572	Mitelman
#TANC2	PRKCA
+17:63009556-63427699	+17:66302636-66810743	Mitelman
#TAX1BP1	AHCY
+7:27739331-27844564	-20:34280268-34311802	Mitelman
#TAX1BP1	BRAF
+7:27739331-27844564	-7:140719327-140924928	Mitelman
#TBC1D14	HTRA3
+4:6909242-7033118	+4:8269765-8307111	Mitelman
#TBL1XR1	PIK3CA
-3:177019340-177228000	+3:179148114-179240093	Mitelman
#TBL1XR1	RET
-3:177019340-177228000	+10:43077027-43130351	Mitelman
#TBL1XR1	TP63
-3:177019340-177228000	+3:189631416-189897279	Mitelman
#TCEA1	PLAG1
-8:53966552-54022529	-8:56160904-56211324	Mitelman
#TCF3	HLF
-19:1609290-1652605	+17:55265012-55325065	Mitelman
#TCF3	PBX1
-19:1609290-1652605	+1:164555584-164899296	Mitelman
#TEAD1	NCOA2
+11:12674591-12944483	-8:70109762-70403805	Mitelman
#TENM4	NRG1
-11:78652831-79440948	+8:31639386-32767959	Mitelman
#TFG	ALK
+3:100709331-100748966	-2:29192774-29921566	Mitelman
#TFG	MET
+3:100709331-100748966	+7:116672390-116798386	Mitelman
#TFG	NTRK1
+3:100709331-100748966	+1:156815640-156881850	Mitelman
#TFG	ROS1
+3:100709331-100748966	-6:117288300-117425855	Mitelman
#TFRC	BCL6
-3:196027183-196082189	-3:187721377-187745727	Mitelman
#TMEM104	CDK12
+17:74776483-74839779	+17:39461511-39564907	Mitelman
#TMEM165	PDGFRA
+4:55395957-55453397	+4:54229097-54298247	Mitelman
#TMEM241	RIOK3
-18:23197144-23437961	+18:23452823-23486603	Mitelman
#TMPRSS2	ERG
-21:41464551-41531116	-21:38380027-38661780	Mitelman
#TMPRSS2	ETV1
-21:41464551-41531116	-7:13891228-13991425	Mitelman
#TMPRSS2	ETV4
-21:41464551-41531116	-17:43527844-43579620	Mitelman
#TMPRSS2	ETV5
-21:41464551-41531116	-3:186046308-186110318	Mitelman
#TPM1	ALK
+15:63042632-63071915	-2:29192774-29921566	Mitelman
#TPM3	ALK
-1:154155304-154194648	-2:29192774-29921566	Mitelman
#TPM3	NTRK1
-1:154155304-154194648	+1:156815640-156881850	Mitelman
#TPM3	ROS1
-1:154155304-154194648	-6:117288300-117425855	Mitelman
#TPM4	ALK
+19:16067021-16103005	-2:29192774-29921566	Mitelman
#TPR	NTRK1
-1:186311652-186375693	+1:156815640-156881850	Mitelman
#TRAF1	ALK
-9:120902393-120929173	-2:29192774-29921566	Mitelman
#TRA	MTCP1
14:21621838-22552154	X:155011622-155197937	Mitelman
X:155011622-155197937	14:21621838-22552154	Mitelman
#TRA	MYC
14:21621838-22552154	8:127685434-127791434	Mitelman
8:127685434-127791434	14:21621838-22552154	Mitelman
#TRB	TAL2
7:142299177-142813399	9:105612457-105713112	Mitelman
9:105612457-105713112	7:142299177-142813399	Mitelman
#TRB	TLX1
7:142299177-142813399	10:101080505-101187789	Mitelman
10:101080505-101187789	7:142299177-142813399	Mitelman
#TRD	LMO2
14:21621838-22552154	11:33808576-33942289	Mitelman
11:33808576-33942289	14:21621838-22552154	Mitelman
#TRD	TAL1
14:21621838-22552154	1:47166290-47282220	Mitelman
1:47166290-47282220	14:21621838-22552154	Mitelman
#TRD	TLX1
14:21621838-22552154	10:101080505-101187789	Mitelman
10:101080505-101187789	14:21621838-22552154	Mitelman
#TRIM24	BRAF
+7:138460334-138589993	-7:140719327-140924928	Mitelman
#TRIM24	RET
+7:138460334-138589993	+10:43077027-43130351	Mitelman
#TRIM27	RET
-6:28903002-28923989	+10:43077027-43130351	Mitelman
#TRIM28	ZBTB45
+19:58544091-58550722	-19:58513530-58538911	Mitelman
#TRIM33	RET
-1:114392777-114511160	+10:43077027-43130351	Mitelman
#TRIO	TERT
+5:14143702-14532128	-5:1253147-1295069	Mitelman
#TRPC4AP	MRPL45
-20:35002404-35092871	+17:38297023-38323218	Mitelman
#UVRAG	SHANK2
+11:75815167-76143195	-11:70467856-71252577	Mitelman
#VAPB	IKZF3
+20:58389122-58451101	-17:39757715-39864188	Mitelman
#VCL	ALK
+10:73995193-74121363	-2:29192774-29921566	Mitelman
#VGLL2	NCOA2
+6:117265558-117273565	-8:70109762-70403805	Mitelman
#VMP1	TUBD1
+17:59707192-59842255	-17:59859482-59892945	Mitelman
#VPS53	RTN4RL1
-17:508668-721717	-17:1934677-2025345	Mitelman
#WBP1L	ARL3
+10:102743970-102816267	-10:102673731-102714407	Mitelman
#WDR18	H2AFX
+19:984271-998438	-11:119093854-119095467	Mitelman
#WDR20	ASNA1
+14:102139503-102224847	+19:12737139-12748323	Mitelman
#WHSC1L1	NUTM1
-8:38269697-38382272	+15:34343315-34357737	Mitelman
#WNK1	RAD52
+12:752593-911452	-12:912077-990053	Mitelman
#WSB1	NBR1
+17:27294076-27315926	+17:43170481-43211689	Mitelman
#WWTR1	CAMTA1
-3:149517235-149736714	+1:6785324-7769706	Mitelman
#XRN1	SMYD3
-3:142306607-142448062	-1:245749342-246507312	Mitelman
#YAP1	TFE3
+11:102110461-102233423	-X:49028726-49043486	Mitelman
#YWHAE	NUTM2A
-17:1344272-1400378	+10:87225448-87236908	Mitelman
#YWHAE	NUTM2B
-17:1344272-1400378	+10:79703227-79714681	Mitelman
#YWHAE	NUTM2E
-17:1344272-1400378	+10:79841358-79850878	Mitelman
#ZBTB16	RARA
+11:114059593-114250676	+17:40309192-40357643	Mitelman
#ZBTB7A	TNK1
-19:4044364-4066945	+17:7380534-7389774	Mitelman
#ZC3H7B	BCOR
+22:41301522-41360147	-X:40049815-40177329	Mitelman
#ZC3HAV1	ABL2
-7:139043520-139109719	-1:179099327-179229684	Mitelman
#ZC3HAV1	BRAF
-7:139043520-139109719	-7:140719327-140924928	Mitelman
#ZC3HAV1L	CHMP1A
-7:139025706-139036029	-16:89644431-89657845	Mitelman
#ZCCHC8	ROS1
-12:122471600-122501073	-6:117288300-117425855	Mitelman
#ZMIZ1	ABL1
+10:79069035-79316528	+9:130713946-130887675	Mitelman
#ZMYM2	FGFR1
+13:19958670-20091829	-8:38411138-38468834	Mitelman
#ZMYND8	CEP250
-20:47209214-47356889	+20:35455164-35519280	Mitelman
